ID,Fecha Liturgica / Mortalidad,Nombre del Santo,Fecha de Nacimiento,Fecha de Mortalidad,Pais de Origen,Ciudad o Region,Realidad a la que pertenecio,Historia y Biografia,Detalles Curiosos o Significativos,Hijos en la fe
"1","28/Enero","Santo Tomás de Aquino","1225","07/03/1274","Italia","Roccasecca / Aquino","Sacerdote Dominico, Teólogo y Doctor de la Iglesia","Conocido como el Doctor Angélico. Ingresó a los Dominicos desafiando la oposición familiar. Autor de la 'Summa Theologiae', armonizó la filosofía aristotélica con la revelación cristiana.","Compuso los himnos 'Pange Lingua' y 'Tantum Ergo' para el Corpus Christi.","Estudiantes y teólogos católicos"
"2","31/Enero","San Juan Bosco","16/08/1815","31/01/1888","Italia","Turín (Becchi)","Sacerdote y Fundador (Salesianos de Don Bosco)","Dedicó su existencia a la juventud desamparada y trabajadora de Turín. Fundó los Salesianos y las Hijas de María Auxiliadora bajo el Sistema Preventivo: razón, religión y amor.","Hacía malabares y acrobacias de joven para congregar a los niños para el catecismo.","San Domingo Savio, Familia Salesiana"
"3","2/Febrero","La Presentación del Señor","—","—","Tierra Santa","Jerusalén","Fiesta del Señor / Jornada de la Vida Consagrada","Presentación del Niño Jesús en el Templo de Jerusalén a los 40 días de su nacimiento, donde el anciano Simeón lo proclama 'Luz para iluminar a las naciones'.","Fiesta de la Candelaria. Se bendicen las candelas que simbolizan a Cristo Luz del mundo.","—"
"4","3/Febrero","San Blas","Siglo III","03/02/316","Turquía / Armenia histórica","Sebaste","Obispo y Mártir","Médico y obispo que vivió en una caverna del monte Argeo. Salvó milagrosamente a un niño que se ahogaba con una espina y padeció el martirio en tiempos de Licinio.","Patrono contra las afecciones de garganta. Bendición con dos cirios cruzados.","—"
"5","3/Febrero","San Óscar","08/09/801","03/02/865","Francia / Alemania","Amiens / Hamburgo / Bremen","Obispo Benedictino Misionero","Monje en Corbie, nombrado arzobispo de Hamburgo y legado papal para Dinamarca y Suecia. Fue el gran evangelizador paciente y caritativo del norte de Europa.","Apodado el 'Apóstol del Norte'. Famoso por redimir cautivos cristianos de manos vikingas.","Pueblos escandinavos"
"6","5/Febrero","Santa Águeda","235 d.C.","05/02/251","Italia","Catania (Sicilia)","Virgen y Mártir","Joven noble que rechazó al prefecto Quinciano para guardar su virginidad por Cristo. Fue mutilada y martirizada con ejemplar entereza en la persecución de Decio.","Patrona contra las enfermedades mamarias y las erupciones volcánicas del Etna.","—"
"7","6/Febrero","Santos Pablo Miki y compañeros","1564","05/02/1597","Japón","Kioto / Nagasaki","Mártires de Japón (Jesuitas, Franciscanos y Laicos)","Veintiséis mártires, incluidos religiosos y monaguillos japoneses, que fueron crucificados y alanceados en la colina de Nagasaki cantando alabanzas al Señor.","Pablo Miki proclamó el perdón a sus ejecutores desde la cruz.","Iglesia de Japón"
"8","10/Febrero","Santa Escolástica","480 d.C.","10/02/547","Italia","Nursia / Montecasino","Virgen Consagrada y Monja Benedictina","Hermana gemela de San Benito. Se consagró a Dios desde niña y presidió un cenobio cerca de Montecasino. Obtuvo de Dios una tormenta para pasar su última noche orando con su hermano.","Benito contempló el alma de Escolástica elevarse al cielo en figura de paloma.","Monjas Benedictinas"
"9","11/Febrero","Nuestra Señora de Lourdes","—","—","Francia","Lourdes","Aparición Mariana / Jornada Mundial del Enfermo","En 1858, la Virgen María se manifestó a Santa Bernadette Soubirous en la gruta de Massabielle revelándose como la 'Inmaculada Concepción'.","Manantial milagroso visitado por millones de enfermos y peregrinos.","Santa Bernadette Soubirous"
"10","14/Febrero","Santos Cirilo","827 / 815 d.C.","14/02/869 / 06/04/885","Grecia","Salónica / Gran Moravia","Obispos, Monjes y Misioneros","Hermanos griegos que cristianizaron los pueblos eslavos. Crearon la escritura cirílica y tradujeron los sagrados cánones y la Sagrada Escritura al antiguo eslavo.","Co-patronos de Europa proclamados por San Juan Pablo II.","Naciones eslavas"
"11","17/Febrero","Los Santos Siete Fundadores de la Orden de los Servitas","Siglo XIII","1257 - 1310","Italia","Florencia / Monte Senario","Fundadores Religiosos (Orden de los Siervos de María)","Siete ilustres comerciantes florentinos se despojaron de sus bienes para retirarse al Monte Senario a servir a la Virgen Dolorosa en contemplación y pobreza.","Canonizados comunitariamente en una única causa por León XIII.","San Peregrino Laziosi, Frailes Servitas"
"12","21/Febrero","San Pedro Damián","1007","22/02/1072","Italia","Rávena / Faenza","Cardenal Obispo, Monje y Doctor de la Iglesia","Eremita de Fonte Avellana, cardenal de Ostia y mano derecha de los pontífices reformadores para sanear la disciplina eclesiástica.","Prefirió siempre su celda monacal a los honores pontificios.","—"
"13","23/Febrero","San Policarpo","69 d.C.","23/02/155","Turquía","Esmirna","Obispo, Padre Apostólico y Mártir","Discípulo del apóstol San Juan. Venerable obispo que enfrentó la pira y la espada a los ochenta y seis años confesando su fidelidad a Cristo.","Su gloriosa pasión es una de las primeras actas auténticas de los mártires.","San Ireneo de Lyon"
"14","27/Febrero","San Gregorio de Narek","951 d.C.","1003 d.C.","Armenia","Narek","Monje, Místico, Poeta y Doctor de la Iglesia","Insigne teólogo del monasterio de Narek. Autor del 'Libro de las Lamentaciones', cumbre universal del diálogo místico con Dios.","Declarado Doctor de la Iglesia por el Papa Francisco en 2015.","Pueblo armenio"
"15","4/Marzo","San Casimiro","03/10/1458","04/03/1484","Polonia / Lituania","Cracovia / Grodno","Príncipe Real y Modelo de Pureza","Príncipe heredero polaco-lituano que consagró su vida al celibato, el socorro a los desvalidos y el culto ferviente a la Madre de Dios.","Patrono celestial de Lituania y de la juventud cristiana polaca.","—"
"16","7/Marzo","Santas Perpetua y Felicidad","Siglo II","07/03/203","Túnez","Cartago","Madres de Familia y Mártires","Perpetua, joven dama noble con su hijo en brazos, y Felicidad, su sierva encinta, padecieron con alegría las fieras del circo por confesar a Jesús.","El 'Diario de Perpetua' es una reliquia conmovedora de fe paleocristiana.","—"
"17","9/Marzo","Santa Francisca Romana","1384","09/03/1440","Italia","Roma","Esposa, Madre de Familia y Religiosa Oblata","Dama patricia romana que atendió a los enfermos en peste y fundó la congregación de Oblatas de Tor de' Specchi.","Su Ángel Custodio caminaba a su lado como una luz viviente.","—"
"18","17/Marzo","San Patricio","385 d.C.","17/03/461","Gran Bretaña / Irlanda","Armagh","Obispo Misionero (Apóstol de Irlanda)","Cautivo esclavo de joven en Irlanda; retornó como obispo para plantar la cruz en los clanes celtas, bautizando a miles.","Utilizó la hoja del trébol para ilustrar el dogma de la Trinidad.","Pueblo irlandés"
"19","18/Marzo","San Cirilo de Jerusalén","313 d.C.","18/03/386","Tierra Santa","Jerusalén","Obispo de Jerusalén y Doctor de la Iglesia","Sufrió múltiples destierros bajo el arrianismo. Sus 24 Catequesis bautismales forman la joya de la iniciación litúrgica cristiana.","Pionero en la explicación dogmática del misterio eucarístico.","—"
"20","19/Marzo","San José","Siglo I a.C.","Siglo I d.C.","Tierra Santa","Nazaret / Belén","Esposo de María y Padre Adoptivo de Jesús","Varón justo y obediente, custodio del Redentor y protector de la Sagrada Familia en el destierro y el taller de Nazaret.","Patrono universal de la Iglesia, de las familias y de los obreros.","Jesús de Nazaret (Hijo Adoptivo)"
"21","23/Marzo","Santo Toribio de Mogrovejo","16/11/1538","23/03/1606","España / Perú","Mayorga / Lima","Arzobispo de Lima y Misionero","Recorrió incansablemente los Andes a lomo de mula defendiendo la dignidad de los indígenas y organizando la Iglesia en el Perú.","Confirmó a Santa Rosa de Lima y a San Martín de Porres.","Santa Rosa de Lima, San Martín de Porres"
"22","25/Marzo","La Anunciación del Señor","—","—","Tierra Santa","Nazaret","Solemnidad de la Encarnación del Verbo","El arcángel San Gabriel anuncia a María la concepción del Hijo de Dios, respondiendo la Virgen con su 'Hágase en mí según tu palabra'.","Día del Niño por Nacer y conmemoración de la Redención.","—"
"23","13/Abril","San Martín I","598 d.C.","16/09/655","Italia","Todi / Roma / Quersoneso","Papa y Mártir","Condenó el monotelismo en Letrán. El emperador bizantino lo arrestó y desterró a Crimea, donde murió de privaciones.","Último pontífice venerado como mártir en el santoral romano.","—"
"24","21/Abril","San Anselmo","1033","21/04/1109","Italia / Inglaterra","Aosta / Canterbury","Arzobispo de Canterbury y Doctor de la Iglesia","Padre de la Teología Escolástica. Formuló el argumento ontológico y defendió la libertad de la Iglesia frente a los reyes normandos.","Acuñó la célebre fórmula 'Fides quaerens intellectum'.","—"
"25","23/Abril","San Adalberto","956 d.C.","23/04/997","República Checa","Praga / Prusia","Obispo y Mártir","Obispo de Praga que evangelizó Hungría, Polonia y las costas del mar Báltico, donde fue alanceado por idólatras prusianos.","Patrono de Polonia, Hungría y la República Checa.","—"
"26","23/Abril","San Jorge","275 d.C.","23/04/303","Capadocia / Palestina","Dióspolis (Lod)","Mártir y Tribuno Militar","Oficial del ejército imperial que proclamó su fe cristiana en tiempos de Diocleciano y fue degollado tras vencer duros tormentos.","El combate con el dragón simboliza el triunfo cristiano sobre la herejía y el mal.","—"
"27","24/Abril","San Fidel de Sigmaringa","01/10/1577","24/04/1622","Alemania / Suiza","Sigmaringen / Seewis","Sacerdote Capuchino y Mártir","Jurista que tomó el hábito franciscano. Enviado a predicar entre los calvinistas suizos, fue asesinado en el templo.","Protomártir de la Sagrada Congregación de Propaganda Fide.","—"
"28","25/Abril","San Marcos","Siglo I","25/04/68","Tierra Santa / Egipto","Jerusalén / Alejandría","Evangelista y Mártir","Discípulo de San Pedro y redactor del segundo Evangelio sinóptico. Fundó la ilustre Iglesia apostólica de Alejandría.","Simbolizado por el león alado del Tetramorfos.","Iglesia Copta"
"29","28/Abril","San Luis María Grignion de Montfort","31/01/1673","28/04/1716","Francia","Montfort / Saint-Laurent-sur-Sèvre","Sacerdote Misionero y Fundador","Misionero apostólico que renovó la fe en Francia con la predicación del Rosario y la santa consagración filial a la Virgen María.","Autor del 'Tratado de la Verdadera Devoción' e inspirador del 'Totus Tuus'.","Compañía de María, Hijas de la Sabiduría"
"30","28/Abril","San Pedro Chanel","12/07/1803","28/04/1841","Francia / Oceanía","Cuet / Isla Futuna","Sacerdote Marista y Mártir","Primer mártir de Oceanía. Evangelizó con infinita paciencia la isla de Futuna, donde fue muerto a golpes por orden del cacique tribal.","Al poco tiempo de su sacrificio, todos los habitantes de la isla abrazaron la fe.","Pueblos de Oceanía"
"31","29/Abril","Santa Catalina de Siena","25/03/1347","29/04/1380","Italia","Siena / Roma","Terciaria Dominica, Mística y Doctora de la Iglesia","Consagrada laica que medió en los conflictos bélicos de Italia y convenció al Papa Gregorio XI de regresar de Aviñón a Roma.","Recibió los sagrados estigmas. Co-patrona de Europa y de Italia.","—"
"32","30/Abril","San Pío V","17/01/1504","01/05/1572","Italia","Bosco Marengo / Roma","Papa Dominico","Promulgó el Misal y Breviario del Concilio de Trento. Organizó la flota cristiana de Lepanto que obtuvo la victoria rezando el Rosario.","Instauró la solemnidad de Nuestra Señora de las Victorias (Rosario).","—"
"33","1/Mayo","San José Obrero","Siglo I a.C.","Siglo I d.C.","Tierra Santa","Nazaret / Belén","Esposo de María y Padre Adoptivo de Jesús","Varón justo y obediente, custodio del Redentor y protector de la Sagrada Familia en el destierro y el taller de Nazaret.","Patrono universal de la Iglesia, de las familias y de los obreros.","Jesús de Nazaret (Hijo Adoptivo)"
"34","2/Mayo","San Atanasio","296 d.C.","02/05/373","Egipto","Alejandría","Obispo Patriarca y Doctor de la Iglesia","Inflexible defensor de la divinidad de Cristo en Nicea. Sufrió cinco exilios impuesto por tiranos proarrianos sin claudicar en la ortodoxia.","Redactó la biografía fundamental de San Antonio Abad.","—"
"35","12/Mayo","San Pancracio","289 d.C.","12/05/304","Frigia / Italia","Roma","Joven Mártir","Adolescente de 14 años que profesó a Cristo y prefirió la decapitación en la Vía Aurelia antes que quemar incienso a los ídolos del César.","Invocado como protector de la juventud y del trabajo honrado.","—"
"36","12/Mayo","Santos Nereo y Aquileo","Siglo I","12/05/98","Italia","Roma / Terracina","Soldados Pretorianos y Mártires","Guardias pretorianos que, tocados por la fe de los mártires, desertaron de la milicia pagana y fueron decapitados en Terracina.","Sepultados en las catacumbas de Domitila en Roma.","—"
"37","13/Mayo","Nuestra Señora de Fátima","—","—","Portugal","Fátima (Cova da Iria)","Aparición Mariana","La Madre de Dios se manifestó en 1917 a Lucía, Francisco y Jacinta implorando penitencia, el rezo del Rosario y consagración a su Corazón.","El 13 de octubre ocurrió el sobrecogedor 'Milagro del Sol'.","Santos Francisco y Jacinta Marto"
"38","14/Mayo","San Matías","Siglo I","80 d.C.","Tierra Santa","Belén / Jerusalén","Apóstol de Jesucristo","Testigo del ministerio de Cristo desde el bautismo en el Jordán. Escogido a suertes en el Cenáculo para reemplazar al traidor Judas Iscariote.","Mártir por lapidación y decapitado en Judea.","—"
"39","18/Mayo","San Juan I","470 d.C.","18/05/526","Italia","Siena / Rávena","Papa y Mártir","Enviado por el rey arriano Teodorico a negociar con Constantinopla, fue luego arrojado a un calabozo en Rávena donde expiró de hambre.","Mártir de la integridad pastoral pontificia.","—"
"40","20/Mayo","San Bernardino de Siena","08/09/1380","20/05/1444","Italia","Massa Marittima / L'Aquila","Sacerdote Franciscano y Predicador","Reformó la orden franciscana y recorrió toda Italia reconciliando ciudades divididas y exaltando el Santo Nombre de Jesús.","Pintaba la tablilla con el monograma 'IHS' radiante de rayos dorados.","—"
"41","21/Mayo","Santos Cristóbal Magallanes","30/07/1869","25/05/1927","México","Totatiche / Colotlán","Mártires de la Guerra Cristera","Sacerdotes y laicos mexicanos inmolados por celebrar los sacramentos durante la persecución gubernamental, confesando a Cristo Rey.","Murió bendiciendo a los soldados de su pelotón de fusilamiento.","Pueblo creyente de México"
"42","22/Mayo","Santa Rita de Casia","1381","22/05/1457","Italia","Roccaporena / Casia","Esposa, Madre y Monja Agustina","Perdonó a los asesinos de su esposo y logró la salvación de sus hijos. Ingresó con las monjas agustinas y llevó en su frente una espina de la Pasión.","Cuerpo incorrupto; abogada celestial de lo imposible.","—"
"43","26/Mayo","San Felipe Neri","21/07/1515","26/05/1595","Italia","Florencia / Roma","Sacerdote y Fundador del Oratorio","El Apóstol de Roma. Transformó la Ciudad Eterna con su caridad hacia huérfanos, alegría contagiosa, dirección espiritual y canto sacro.","Su corazón creció tanto por el fuego del Espíritu que curvó sus costillas.","Congregación del Oratorio"
"44","27/Mayo","San Agustín de Canterbury","Siglo VI","26/05/604","Italia / Inglaterra","Roma / Canterbury","Monje Benedictino y Arzobispo","Enviado por San Gregorio Magno para convertir a los anglosajones. Bautizó al rey Etelberto de Kent e instauró la primacía de Canterbury.","Primer arzobispo de Canterbury y apóstol de Inglaterra.","Iglesia católica inglesa"
"45","29/Mayo","San Paolo VI","26/09/1897","06/08/1978","Italia","Concesio / Castel Gandolfo","Papa de la Iglesia Católica","Concluyó y ejecutó el Concilio Vaticano II. Defendió con valentía profética la vida en la encíclica 'Humanae Vitae' y abrió la era del diálogo ecuménico.","Fue el primer pontífice moderno en peregrinar a Tierra Santa en avión.","—"
"46","1/Junio","San Justino","100 d.C.","165 d.C.","Samaria / Italia","Roma","Filósofo Cristiano, Apologista y Mártir","Halló en Cristo la filosofía perfecta. Defendió con cartas públicas a los emperadores la inocencia moral y la santidad eucarística de los cristianos.","Murió decapitado junto a sus discípulos por negarse a rendir culto pagano.","—"
"47","2/Junio","Santos Marcelino y Pedro","Siglo III","02/06/304","Italia","Roma","Sacerdote, Exorcista y Mártires","Clérigos insignes que bautizaron a numerosos paganos en las cárceles romanas y fueron degollados en el bosque de Silva Nigra por Diocleciano.","Invocados solemnemente en el Canon Romano de la Misa.","—"
"48","3/Junio","Santos Carlos Luanga y compañeros","1860","03/06/1886","Uganda","Namugongo","Mártires de Uganda (Jóvenes Pajes Reales)","Carlos Luanga y veintidós jóvenes pajes de la corte se mantuvieron puros e intrépidos en su fe frente a la tiranía del rey Mwanga, muriendo en la hoguera.","Primeros mártires de la moderna África negra; patronos de la juventud africana.","Cristianismo africano"
"49","5/Junio","San Bonifacio","675 d.C.","05/06/754","Inglaterra / Alemania","Crediton / Maguncia / Dokkum","Obispo Benedictino Misionero y Mártir","Apóstol de Germania. Cortó con un hacha el árbol pagano de Thor en Geismar y plantó la fe católica. Martirizado en Frisia leyendo el Evangelio.","Originó la tradición del árbol de Navidad consagrado a Cristo.","Iglesia en Alemania"
"50","6/Junio","San Norberto","1080","06/06/1134","Alemania","Xanten / Magdeburgo","Arzobispo y Fundador Premonstratense","Clérigo cortesano convertido tras caer de su cabalgadura. Fundó la Orden Premonstratense consagrada a la austeridad y a la gloria del Sacramento del Altar.","Gran apóstol de la reconciliación y de la devoción eucarística.","Canónigos Premonstratenses"
"51","9/Junio","San Efrén","306 d.C.","09/06/373","Turquía / Siria","Nísibis / Edesa","Diácono, Poeta y Doctor de la Iglesia","El 'Arpa del Espíritu Santo'. Escribió cánticos teológicos inmortales que defendieron la pureza de la Virgen y la Trinidad en idioma siríaco.","Atendió con heroísmo a los hambrientos y apestados de Edesa hasta su muerte.","—"
"52","11/Junio","San Bernabé","Siglo I","61 d.C.","Chipre / Tierra Santa","Salamina / Antioquía","Apóstol y Compañero de San Pablo","Varón lleno de fe y Espíritu Santo apodado 'Hijo de la Consolación'. Acompañó a Pablo en su primer viaje apostólico y murió lapidado en Chipre.","Vendió su campo para poner el precio a disposición de los apóstoles.","—"
"53","19/Junio","San Romualdo","951 d.C.","19/06/1027","Italia","Rávena / Camaldoli","Abad y Fundador Camaldulense","Reformó la vida solitaria cenobítica fundando la sagrada ermita de Camaldoli. Promovió la oración continua en retiro absoluto.","Autor de la célebre 'Breve Regla' para la contemplation silenciosa.","Orden Camaldulense"
"54","22/Junio","San Paulino de Nola","354 d.C.","22/06/431","Francia / Italia","Burdeos / Nola","Cónsul Romano, Esposo y Obispo","Senador riquísimo que vendió su patrimonio para repartirlo a los necesitados. Consagrado obispo de Nola, ofreció su libertad como esclavo por otros.","Gran poeta cristiano y amigo entrañable de San Agustín.","—"
"55","22/Junio","Santos Juan Fisher","1469 / 1478","22/06/1535 / 06/07/1535","Inglaterra","Londres","Cardenal Obispo / Gran Canciller y Mártires","Rehusaron aprobar la usurpación de la Iglesia inglesa por el rey Enrique VIII. Ambos fueron decapitados en la Torre de Londres firmes en la unidad con el Papa.","Tomás Moro proclamó en el cadalso ser siervo del rey, pero primero de Dios.","Juristas y gobernantes católicos"
"56","27/Junio","San Cirilo de Alejandría","376 d.C.","27/06/444","Egipto","Alejandría","Patriarca y Doctor de la Iglesia","Presidente del Concilio de Éfeso en 431. Proclamó el dogma sublime de María como 'Theotokos' (Madre de Dios) frente al nestorianismo.","Insigne baluarte de la cristología católica ortodoxa.","—"
"57","29/Junio","Santos Pedro y Pablo","Siglo I a.C.","64 / 67 d.C.","Tierra Santa / Tarso","Roma","Príncipe de los Apóstoles y Apóstol de los Gentiles","Pedro, la roca de la Iglesia, y Pablo, el heraldo universal del Evangelio. Ambos rubricaron con su sangre martirial en Roma la gloria apostólica.","Pedro crucificado hacia abajo en el Vaticano; Pablo degollado en las Tres Fuentes.","Toda la Iglesia Católica"
"58","30/Junio","Los Santos Primeros mártires de la Iglesia de Roma","Siglo I","64 d.C.","Italia","Roma","Mártires de la Persecución de Nerón","Incontables cristianos convertidos por Pedro y Pablo calumniados por Nerón tras el incendio de Roma; devorados por canes o encendidos como antorchas.","Fundamento martirial regado con la sangre de la Iglesia primitiva.","—"
"59","3/Julio","Santo Tomás","1225","07/03/1274","Italia","Roccasecca / Aquino","Sacerdote Dominico, Teólogo y Doctor de la Iglesia","Conocido como el Doctor Angélico. Ingresó a los Dominicos desafiando la oposición familiar. Autor de la 'Summa Theologiae', armonizó la filosofía aristotélica con la revelación cristiana.","Compuso los himnos 'Pange Lingua' y 'Tantum Ergo' para el Corpus Christi.","Estudiantes y teólogos católicos"
"60","4/Julio","Santa Isabel de Portugal","1271","04/07/1366","España / Portugal","Zaragoza / Coímbra","Reina de Portugal y Terciaria Franciscana","Reina consorte apodada 'La Pacificadora' por interponerse personalmente entre ejércitos beligerantes para evitar guerras fraticidas. Amaba a los pobres.","Milagro de las rosas: los panes escondidos en su manto para los mendigos se transformaron en rosas.","—"
"61","6/Julio","Santa María Goretti","16/10/1890","06/07/1902","Italia","Corinaldo / Nettuno","Virgen y Mártir de la Pureza","Joven campesina de 11 años que resistió un asalto contra su pureza prefiriendo la muerte. Apuñalada catorce veces, perdonó de corazón a su atacante antes de morir.","Su asesino se arrepintió, asistió a su canonización y entró a un convento.","Juventud y doncellas católicas"
"62","9/Julio","Santos Agustín Zhao Rong","1746","1815 - 1900","China","Wuchuan / Pekín","Sacerdote y 120 Mártires de China","Soldado imperial que custodió a obispos prisioneros y quedó tan tocado por su santidad que se convirtió y ordenó sacerdote. Sufrió torturas mortales por la fe.","Canonizados solemnemente por San Juan Pablo II en el año 2000.","Católicos de China"
"63","11/Julio","San Benito","480 d.C.","21/03/547","Italia","Nursia / Subiaco / Montecasino","Abad y Padre del Monacato Occidental","Fundador de la abadía de Montecasino y redactor de la inmortal 'Santa Regla' fundamentada en el principio armónico del 'Ora et Labora' (Reza y Trabaja).","Patrono principal de Europa. Famoso por su medalla y cruz exorcística.","Orden Benedictina, Monjes de Occidente"
"64","13/Julio","San Enrique","06/05/973","13/07/1024","Alemania","Baviera / Grona / Bamberg","Emperador del Sacro Imperio Romano Germánico","Gobernante cristiano ejemplar casado con Santa Cunegunda. Fundó obispados como Bamberg y promovió la paz, la justicia y las virtudes evangélicas.","Único emperador germánico canonizado por la Iglesia.","—"
"65","14/Julio","San Camilo de Lellis","25/05/1550","14/07/1614","Italia","Bucchianico / Roma","Sacerdote y Fundador (Camilos o Ministros de los Enfermos)","Antiguo soldado y tahúr convertido en los capuchinos. Creó una orden de religiosos para servir con heroísmo a los moribundos como si fueran el mismo Cristo.","Introdujo la Cruz Roja sobre el hábito religioso para socorrer en campos de batalla.","Ministros de los Enfermos"
"66","15/Julio","San Buenaventura","1221","15/07/1274","Italia","Bagnoregio / Lyon","Cardenal Obispo Franciscano y Doctor de la Iglesia","Llamado el 'Doctor Seráfico'. Ministro general de los Franciscanos y biógrafo oficial de San Francisco. Gran místico y luminaria teológica en París.","Célebre autor del 'Itinerario de la Mente hacia Dios'.","Familia Franciscana"
"67","16/Julio","Nuestra Señora del Carmen","—","—","Tierra Santa / Inglaterra","Monte Carmelo / Aylesford","Advocación Mariana y Reina del Carmelo","En 1251, la Virgen se manifestó a San Simón Stock entregándole el Santo Escapulario carmelitano con promesas de auxilio e indulgencia en la hora final.","Patrona de los marineros, de las almas del purgatorio y de los carmelitas.","Orden del Carmen"
"68","20/Julio","San Apolinar","Siglo I","23/07/75","Siria / Italia","Antioquía / Rávena","Obispo y Mártir","Discípulo del apóstol San Pedro que lo consagró primer obispo de Rávena. Sanó enfermos, derribó templos paganos y padeció golpes de maza mortales por confesar a Cristo.","La majestuosa basílica de San Apolinar in Classe custodia su venerable memoria.","—"
"69","21/Julio","San Lorenzo de Brindis","22/07/1559","22/07/1619","Italia / Portugal","Brindisi / Lisboa","Sacerdote Capuchino y Doctor de la Iglesia","Políglota prodigioso que dominaba el hebreo, griego y latín. Con un crucifijo en alto infundió valor a los ejércitos cristianos en la victoria de Székesfehérvár.","Llamado el 'Doctor Apostólico'. Diplomático incansable por la paz europea.","—"
"70","22/Julio","Santa María Magdalena","Siglo I","Siglo I d.C.","Tierra Santa","Magdala / Jerusalén / Éfeso","Apóstol de los Apóstoles","De quien Jesús expulsó siete demonios. Fiel discípula que estuvo al pie de la Cruz en el Calvario y fue la primera en contemplar al Señor Resucitado en el huerto.","Enviada por el mismo Cristo a anunciar la Resurrección a los Once Apóstoles.","—"
"71","23/Julio","Santa Brígida de Suecia","1303","23/07/1373","Suecia / Italia","Finsta / Roma","Esposa, Madre de Ocho Hijos, Religiosa y Mística","Dama noble sueca que fundó la Orden del Santísimo Salvador (Brigidinas). Sus celestiales 'Revelaciones' proféticas llamaron a los reyes y prelados a la santidad.","Co-patrona de Europa junto a Santa Catalina y Santa Teresa Benedicta.","Santa Catalina de Suecia"
"72","24/Julio","San Chárbel Makhlouf","08/05/1828","24/12/1898","Líbano","Bekaakafra / Annaya","Sacerdote y Ermitaño Maronita","Monje maronita que vivió veintitrés años en la más estricta soledad eremítica orando día y noche ante el Sagrario en el eremitorio de San Pedro y San Pablo.","Obrador de incontables prodigios y curaciones físicas comprobadas mundialmente.","Pueblo cristiano del Líbano"
"73","29/Julio","Santos Marta","Siglo I","Siglo I d.C.","Tierra Santa","Betania","Amigos Íntimos de Jesucristo","Hermanos que acogían con inmenso amor al Maestro en su hogar de Betania. Marta como icono de la hospitalidad activa, María de la escucha contemplativa y Lázaro resucitado de la tumba.","Fiesta unificada por el Papa Francisco para honrar la santidad familiar evangélica.","—"
"74","30/Julio","San Pedro Crisólogo","380 d.C.","03/12/450","Italia","Imola / Rávena","Arzobispo de Rávena y Doctor de la Iglesia","Su apelativo significa 'El de la palabra de oro' por la brillante brevedad y riqueza de sus sermones explicando el misterio de la Encarnación y la Santa Misa.","Consejero papal y fiel defensor de las definiciones cristológicas católicas.","—"
"75","31/Julio","San Ignacio de Loyola","23/10/1491","31/07/1556","España","Azpeitia (Guipúzcoa) / Roma","Sacerdote y Fundador (Compañía de Jesús)","Caballero herido en Pamplona cuya lectura de vidas de santos lo convirtió radicalmente. Fundó los Jesuitas bajo el lema 'A la Mayor Gloria de Dios' (AMDG).","Autor de los 'Ejercicios Espirituales', método cumbre del discernimiento vocacional.","San Francisco Javier, Jesuitas"
"76","1/Agosto","San Alfonso María de Ligorio","27/09/1696","01/08/1787","Italia","Nápoles / Nocera dei Pagani","Obispo, Fundador Redentorista y Doctor de la Iglesia","Abogado que renunció a los tribunales para fundar la Congregación del Santísimo Redentor (Redentoristas), predicando misiones a los campesinos y escribiendo teología moral.","Compuso villancicos populares célebres como 'Tu scendi dalle stelle'.","Misioneros Redentoristas"
"77","4/Agosto","San Juan María Vianney","08/05/1786","04/08/1859","Francia","Dardilly / Ars-sur-Formans","Sacerdote (El Santo Cura de Ars)","Párroco de una humilde aldea que transformó a toda Francia pasando dieciocho horas diarias en el confesionario reconciliando miles de pecadores con Dios.","Patrono celestial de todos los párrocos y sacerdotes del orbe católico.","Feligresía de Ars"
"78","5/Agosto","La Dedicación de la Basílica de Santa María","—","—","Italia","Roma (Colina Esquilina)","Dedicación Basílica Mayor / Virgen de las Nieves","La más antigua basílica mariana de Occidente, erigida por Sixto III tras el Concilio de Éfeso para glorificar a la Virgen Madre de Dios en Roma.","Cuenta la tradición que la Virgen marcó su perímetro con una milagrosa nevada en pleno agosto.","—"
"79","7/Agosto","San Cayetano","01/10/1480","07/08/1547","Italia","Vicenza / Nápoles","Sacerdote y Fundador (Clérigos Regulares Teatinos)","Conocido como el Padre de la Providencia. Fundó los Teatinos que confiaban ciegamente en la Divina Providencia sin pedir limosna ni acumular rentas.","Patrono del pan y del trabajo en el mundo hispanoamericano.","Orden de Teatinos"
"80","7/Agosto","Santos Sixto II","Siglo III","06/08/258","Grecia / Italia","Roma","Papa, Diáconos y Mártires","Papa que fue decapitado en su cátedra mientras celebraba la liturgia en las catacumbas de San Calixto durante la persecución del emperador Valeriano.","Martirizado junto a cuatro de sus diáconos inmediatos.","San Lorenzo Diácono"
"81","8/Agosto","Santo Domingo","1170","06/08/1221","España","Caleruega (Burgos) / Bolonia","Sacerdote y Fundador (Orden de Predicadores - Dominicos)","Canónigo que fundó la Orden de Predicadores para combatir las herejías mediante la predicación doctrinal, la pobreza mendicante y el estudio universitario.","La Santísima Virgen le encomendó propagar el rezo del Santo Rosario.","Santo Tomás de Aquino, San Martín de Porres"
"82","10/Agosto","San Lorenzo","22/07/1559","22/07/1619","Italia / Portugal","Brindisi / Lisboa","Sacerdote Capuchino y Doctor de la Iglesia","Políglota prodigioso que dominaba el hebreo, griego y latín. Con un crucifijo en alto infundió valor a los ejércitos cristianos en la victoria de Székesfehérvár.","Llamado el 'Doctor Apostólico'. Diplomático incansable por la paz europea.","—"
"83","11/Agosto","Santa Clara","16/07/1194","11/08/1253","Italia","Asís","Virgen y Fundadora (Hermanas Clarisas)","Noble de Asís que huyó para seguir a San Francisco en la pobreza radical. Fundó las Damas Pobres en San Damián, viviendo en clausura y oración continua.","Puso en fuga a los sarracenos que asaltaban el convento exponiendo la Eucaristía. Patrona de la televisión.","Orden de Santa Clara (Clarisas)"
"84","12/Agosto","Santa Juana Francisca de Chantal","28/01/1572","13/12/1641","Francia","Dijon / Moulins","Esposa, Madre de Familia y Fundadora de la Visitación","Al enviudar, trabó santa amistad con San Francisco de Sales con quien fundó la Orden de la Visitación de Santa María para el cuidado de los pobres y ancianos.","Abuela de la célebre escritora marquesa de Sévigné.","Religiosas de la Visitación"
"85","13/Agosto","Santos Ponciano","Siglo III","235 d.C.","Italia","Roma / Isla de Cerdeña","Papa y Presbítero (Primer Antipapa Reconciliado) Mártires","Hipólito, erudito presbítero que se opuso a los pontífices y creó un cisma. Desterrado junto al Papa Ponciano a las minas de Cerdeña, se reconciliaron en el martirio.","Hermoso testimonio de unidad y perdón en el seno del martirio cristiano.","—"
"86","14/Agosto","San Maximiliano María Kolbe","08/01/1894","14/08/1941","Polonia","Zdunska Wola / Auschwitz","Sacerdote Franciscano Conventual y Mártir de la Caridad","Fundador de la Milicia de la Inmaculada. En el campo nazi de Auschwitz, se ofreció voluntariamente a morir de hambre en lugar de un padre de familia sentenciado.","Juan Pablo II lo proclamó 'Patrono de nuestro siglo difícil' y mártir de la caridad.","Milicia de la Inmaculada"
"87","15/Agosto","La Asunción de la Santísima Virgen María","—","—","Tierra Santa","Jerusalén / Éfeso","Solemnidad Mariana / Dogma de Fe","Cumplido el curso de su vida terrena, la Inmaculada Madre de Dios fue asunta en cuerpo y alma a la gloria celestial por singular privilegio divino.","Dogma definido solemnemente por el Papa Pío XII en 1950 mediante 'Munificentissimus Deus'.","—"
"88","19/Agosto","San Juan Eudes","14/11/1601","19/08/1680","Francia","Ri / Caen","Sacerdote y Fundador (Padres Eudistas)","Misionero incansable que promovió la formación de los seminaristas y fue el gran apóstol del culto litúrgico a los Sagrados Corazones de Jesús y María.","Fundó la Congregación de Jesús y María y la Orden de Nuestra Señora de la Caridad.","Padres Eudistas"
"89","20/Agosto","San Bernardo","1090","20/08/1153","Francia","Fontaine-lès-Dijon / Claraval (Clairvaux)","Abad Cisterciense y Doctor de la Iglesia","Llamado el 'Doctor Melifluo'. Ingresó al Císter arrastrando consigo a sus hermanos y nobles. Fundó el monasterio de Claraval y renovó la vida monástica y teológica europea.","Insigne cantor de las glorias marianas y mediador de los papas.","Monjes Cistercienses"
"90","21/Agosto","San Pío X","02/06/1835","20/08/1914","Italia","Riese / Roma","Papa (Giuseppe Sarto)","De origen campesino humble. Llevó a cabo la reforma de la liturgia y del Derecho Canónico; promovió la comunión frecuente y la comunión temprana de los niños.","Lema de su pontificado: 'Instaurare omnia in Christo' (Restaurarlo todo en Cristo).","—"
"91","24/Agosto","San Bartolomé","Siglo I","Siglo I d.C.","Tierra Santa","Caná de Galilea / Armenia","Apóstol de Jesucristo y Mártir","Identificado con Natanael, a quien Jesús alabó como 'un verdadero israelita sin doblez'. Predicó en la India y Armenia, donde fue desollado vivo por confesar a Cristo.","Patrono de curtidores, carniceros y zapateros.","—"
"92","25/Agosto","San José de Calasanz","Siglo I a.C.","Siglo I d.C.","Tierra Santa","Nazaret / Belén","Esposo de María y Padre Adoptivo de Jesús","Varón justo y obediente, custodio del Redentor y protector de la Sagrada Familia en el destierro y el taller de Nazaret.","Patrono universal de la Iglesia, de las familias y de los obreros.","Jesús de Nazaret (Hijo Adoptivo)"
"93","25/Agosto","San Luis de Francia","25/04/1214","25/08/1270","Francia","Poissy / Túnez","Rey de Francia y Terciario Franciscano","Monarca justo, piadoso y desprendido que lavaba los pies a mendigos y administraba justicia bajo el roble de Vincennes. Falleció de peste en la Cruzada en Túnez.","Construyó la Sainte-Chapelle de París para custodiar la Corona de Espinas de Cristo.","Pueblo de Francia"
"94","27/Agosto","Santa Mónica","331 d.C.","27/08/387","Argelia (Tagaste) / Italia","Ostia Antica","Esposa, Madre de Familia y Modelo de Oración","Con perseverantes lágrimas, oraciones y ayunos ininterrumpidos durante diecisiete años, logró la conversión de su esposo pagano y de su brillante hijo Agustín.","Patrona de las madres cristianas y de los matrimonios atribulados.","San Agustín de Hipona"
"95","28/Agosto","San Agustín","Siglo VI","26/05/604","Italia / Inglaterra","Roma / Canterbury","Monje Benedictino y Arzobispo","Enviado por San Gregorio Magno para convertir a los anglosajones. Bautizó al rey Etelberto de Kent e instauró la primacía de Canterbury.","Primer arzobispo de Canterbury y apóstol de Inglaterra.","Iglesia católica inglesa"
"96","3/Septiembre","San Gregorio Magno","540 d.C.","12/03/604","Italia","Roma","Papa, Monje Benedictino y Doctor de la Iglesia","Prefecto de Roma que convirtió su palacio en monasterio. Como pontífice organizó la caridad en Roma, promovió la misión en Inglaterra y reformó el canto sacro.","Acuñó para el Papa el título de 'Servus servorum Dei' (Siervo de los siervos de Dios). Da nombre al Canto Gregoriano.","—"
"97","5/Septiembre","Santa Teresa de Calcuta","26/08/1910","05/09/1997","Macedonia del Norte / India","Skopie / Calcuta","Virgen y Fundadora (Misioneras de la Caridad)","Escuchó el llamado de Jesús a 'saciar su sed' en los más pobres entre los pobres. Fundó las Misioneras de la Caridad vistiendo el sari blanco con franjas azules.","Premio Nobel de la Paz en 1979; atendió a miles de moribundos en las calles.","Misioneras de la Caridad"
"98","8/Septiembre","La Natividad de la Bienaventurada Virgen María","Siglo I a.C.","—","Tierra Santa","Jerusalén / Nazaret","Fiesta Litúrgica de la Madre de Dios","Nacimiento de la Niña María de los santos Joaquín y Ana, aurora que precede al Sol de Justicia que es Jesucristo Salvador del género humano.","Celebración gozosa del inicio terrenal del plan salvífico divino.","—"
"99","9/Septiembre","San Pedro Claver","26/06/1580","08/09/1654","España / Colombia","Verdú / Cartagena de Indias","Sacerdote Jesuita y Misionero","Se autoproclamó 'Esclavo de los esclavos para siempre'. Durante cuarenta años esperó los barcos negreros en el puerto de Cartagena para curar, consolar y bautizar a más de 300.000 cautivos.","Patrono de los derechos humanos y de las misiones con afrodescendientes.","—"
"100","12/Septiembre","El Santísimo Nombre de María","—","—","Universal","Roma","Fiesta Mariana","Celebración del venerable y dulce nombre de la Madre de Dios. Extendida a toda la Iglesia tras la liberación de Viena sitiada en 1683 bajo la invocación mariana.","Invocado como refugio y consuelo infalible en toda tribulación.","—"
"101","14/Septiembre","La Exaltación de la Santa Cruz","—","—","Tierra Santa","Jerusalén","Fiesta del Señor","Conmemora la recuperación de la Vera Cruz por el emperador Heraclio en el 629 y la dedicación de las basílicas del Santo Sepulcro en el Gólgota.","Victoria del árbol de la Cruz sobre la muerte y el pecado.","—"
"102","15/Septiembre","Nuestra Señora de los Dolores","—","—","Tierra Santa","Jerusalén (Calvario)","Memoria Litúrgica Mariana","Conmemoración de la íntima participación corredentora de María en la Pasión de su Divino Hijo, tal como le profetizó el anciano Simeón en el Templo.","Representada con el corazón atravesado por siete espadas de dolor.","—"
"103","16/Septiembre","Santos Cornelio","Siglo III","253 / 14/09/258","Italia / Túnez","Roma / Cartago","Papa / Obispo y Mártires","Cornelio, obispo de Roma, y Cipriano, eminente obispo de Cartago y escritor sagrado. Ambos colaboraron por la reconciliación pastoral de los caídos y murieron mártires.","Amigos inseparables unidos en una sola fiesta en la Iglesia latina.","—"
"104","17/Septiembre","San Roberto Belarmino","04/10/1542","17/09/1621","Italia","Montepulciano / Roma","Cardenal Jesuita, Teólogo y Doctor de la Iglesia","Brillante controversista de la Contrarreforma. Sus 'Disputas sobre las controversias de la fe' rebatieron con rigor a los teólogos protestantes.","Director espiritual de San Luis Gonzaga en Roma.","San Luis Gonzaga"
"105","17/Septiembre","Santa Hildegarda de Bingen","1098","17/09/1179","Alemania","Bermersheim / Bingen am Rhein","Abadesa Benedictina, Mística, Compositora y Doctora de la Iglesia","La 'Sibila del Rin'. Polifacética figura medieval que escribió tratados de teología, ciencias naturales, medicina y compuso bellísimas piezas polifónicas sacras.","Proclamada Doctora de la Iglesia por Benedicto XVI en 2012.","—"
"106","19/Septiembre","San Jenaro","272 d.C.","19/09/305","Italia","Benevento / Pozzuoli (Nápoles)","Obispo y Mártir","Obispo de Benevento que acudió a confortar a hermanos encarcelados. Arrojado a los osos que se echaron a sus pies, fue finalmente decapitado en la Solfatara.","Milagro de la licuefacción periódica de su sangre custodiada en la Catedral de Nápoles.","Pueblo napolitano"
"107","21/Septiembre","San Mateo","Siglo I","Siglo I d.C.","Tierra Santa","Cafarnaúm / Etiopía","Apóstol y Evangelista","Llamado Leví, cobrador de impuestos al servicio de Roma. Al escuchar el 'Sígueme' de Jesús, dejó el banco de tributos, organizó un banquete y escribió el primer Evangelio.","Simbolizado por el ángel u hombre alado en el Tetramorfos.","—"
"108","23/Septiembre","San Pío de Pietrelcina","25/05/1887","23/09/1968","Italia","Pietrelcina / San Giovanni Rotondo","Sacerdote Capuchino y Estigmatizado","Fraile capuchino que llevó durante cincuenta años los estigmas visibles de la Pasión de Cristo. Pasaba hasta dieciséis horas diarias confesando y fundó la Casa Alivio del Sufrimiento.","Gozaba de dones extraordinarios de bilocación y discernimiento de conciencias.","Grupos de Oración del Padre Pío"
"109","26/Septiembre","Santos Cosme y Damián","Siglo III","287 d.C.","Arabia / Siria","Ciro","Médicos Gemelos y Mártires","Médicos llamados 'anárgiros' porque curaban gratis a los enfermos para ganar sus almas a Cristo. Fueron decapitados por orden del gobernador Lisias.","Patronos celestiales de los médicos, cirujanos y farmacéuticos.","—"
"110","28/Septiembre","San Wenceslao","907 d.C.","28/09/935","República Checa","Praga / Stará Boleslav","Duque de Bohemia y Mártir","Educado por su abuela Santa Ludmila. Gobernó con justicia, caridad y amor al Santísimo Sacramento, sembrando él mismo el trigo para las hostias. Fue asesinado por su hermano.","Patrono principal de la República Checa.","Pueblo checo"
"111","28/Septiembre","Santos Lorenzo Ruiz y compañeros","1600","29/09/1637","Filipinas / Japón","Binondo (Manila) / Nagasaki","Padre de Familia, Laico y Mártires","Lorenzo Ruiz, sacristán y escribano mestizo filipino-chino, huyó a Japón con misioneros dominicos. Torturado colgado de una fosa, exclamó: 'Moriría mil veces por Cristo'.","Primer santo y protomártir de las Islas Filipinas.","Pueblo católico filipino"
"112","29/Septiembre","Santos Miguel","—","—","Corte Celestial","Cielos","Arcángeles de Dios","San Miguel ('¿Quién como Dios?'), caudillo de los ejércitos celestiales contra Lucifer; San Gabriel ('Fortaleza de Dios'), mensajero de la Encarnación; San Rafael ('Medicina de Dios'), guía y médico de Tobías.","Protectores celestiales supremos de la Iglesia universal frente a las asechanzas del enemigo.","—"
"113","30/Septiembre","San Jerónimo","347 d.C.","30/09/420","Dalmacia / Tierra Santa","Estridón / Belén","Sacerdote, Erudito Bíblico y Doctor de la Iglesia","Vivió como anacoreta en la cueva junto a la Gruta de la Natividad en Belén. Tradujo incansablemente las Sagradas Escrituras del hebreo y griego al latín: la célebre 'Vulgata'.","Acuñó la frase: 'Desconocer las Escrituras es desconocer a Cristo'. Patrono de los biblistas.","—"
"114","1/Octubre","Santa Teresa del Niño Jesús","02/01/1873","30/09/1897","Francia","Alençon / Lisieux","Virgen Carmelita Descalza y Doctora de la Iglesia","Entró al Carmelo a los 15 años. Descubrió el 'Caminito de infancia espiritual' fundamentado en la confianza filial absoluta y la entrega amorosa en las cosas pequeñas.","Patrona universal de las misiones junto a San Francisco Javier; prometió pasar su cielo haciendo bien a la tierra con una 'lluvia de rosas'.","Santos Luis Martín y Celia Guérin (Padres)"
"115","2/Octubre","Los Santos Ángeles Custodios","—","—","Corte Celestial","Cielos","Ministros Celestiales de la Divina Providencia","Espíritus bienaventurados asignados amorosamente por el Creador a cada ser humano desde el instante de su concepción para guiarlo, defenderlo e iluminar sus pasos hacia la Patria celestial.","Compañeros fieles invisibles a quienes la Iglesia dedica fiesta de gratitud.","—"
"116","5/Octubre","Santa Faustina Kowalska","25/08/1905","05/10/1938","Polonia","Głogowiec / Cracovia","Virgen Religiosa y Apóstol de la Divina Misericordia","Religiosa de la congregación de Nuestra Señora de la Misericordia. Recibió las revelaciones de Jesús Misericordioso y mandó pintar el cuadro con el lema 'Jesús, en Ti confío'.","Su 'Diario' espiritual es la fuente de la Fiesta y la Coronilla de la Divina Misericordia.","—"
"117","6/Octubre","San Bruno","1030","06/10/1101","Alemania / Italia","Colonia / Serra San Bruno (Calabria)","Sacerdote y Fundador de la Orden de los Cartujos","Catedrático de teología en Reims que abandonó los honores académicos para fundar en el valle salvaje de la Chartreuse la Orden Cartujana en el silencio contemplativo más sublime.","Lema cartujano: 'Stat Crux dum volvitur orbis' (La Cruz permanece en pie mientras el mundo gira).","Monjes Cartujos"
"118","7/Octubre","Nuestra Señora del Rosario","—","—","Universal","Roma / Lepanto","Solemnidad Mariana","Instituida en gratitud por la victoria naval de Lepanto en 1571 alcanzada gracias al rezo universal del Santo Rosario por todo el pueblo católico.","Arma espiritual insigne recomendada incesantemente por la Madre de Dios.","—"
"119","9/Octubre","San Juan Enrique Newman","21/02/1801","11/08/1890","Inglaterra","Londres / Birmingham","Cardenal Oratoriano, Teólogo y Doctor de la Iglesia","Líder del Movimiento de Oxford que tras profunda búsqueda de la verdad histórica ingresó a la Iglesia Católica. Brillante teólogo del desarrollo del dogma y la conciencia.","Lema de su escudo cardenalicio: 'Cor ad cor loquitur' (El corazón habla al corazón).","Conversos y universitarios católicos"
"120","9/Octubre","San Juan Leonardi","1541","09/10/1609","Italia","Diecimo (Lucca) / Roma","Sacerdote y Fundador (Clérigos Regulares de la Madre de Dios)","Farmacéutico que abrazó el sacerdocio en plena Reforma Católica. Fundó su congregación y fue uno de los promotores iniciales del Colegio Urbano de Propaganda Fide.","Apóstol de la catequesis infantil y de la renovación moral del clero.","Clérigos de la Madre de Dios"
"121","9/Octubre","Santos Dionisio","Siglo III","250 d.C.","Italia / Francia","Roma / París (Montmartre)","Obispo de París y Mártires","Primer obispo de París enviado a evangelizar las Galias. Decapitado junto a sus colaboradores en la colina de Montmartre ('Monte de los Mártires').","Patrono principal de Francia y de la ciudad de París.","—"
"122","14/Octubre","San Calixto I","155 d.C.","14/10/222","Italia","Roma (Trastevere)","Papa y Mártir","Antiguo esclavo que como archidiácono organizó el primer cementerio oficial de la Iglesia (Catacumbas de San Calixto). Como papa acogió con misericordia a los pecadores arrepentidos.","Mártir arrojado a un pozo con una pesada rueda de molino al cuello.","—"
"123","15/Octubre","Santa Teresa de Jesús","28/03/1515","04/10/1582","España","Ávila / Alba de Tormes","Virgen Carmelita, Reformadora y Doctora de la Iglesia","La gran reformadora del Carmelo Descalzo junto a San Juan de la Cruz. Recorrió España fundando conventos en medio de grandes penurias. Autora de 'Las Moradas' y 'Camino de Perfección'.","Primera mujer proclamada Doctora de la Iglesia Universal por Pablo VI en 1970.","San Juan de la Cruz, Familia Carmelitana Descalza"
"124","16/Octubre","Santa Eduviges","1174","15/10/1243","Alemania / Polonia","Andechs / Trzebnica","Duquesa de Silesia y Terciaria Cisterciense","Madre de siete hijos que dedicó sus riquezas ducales a fundar asilos, hospitales y conventos cistercienses. Tras enviudar tomó el hábito religioso al servicio de los mendigos.","Patrona de Silesia, de los pobres y de los endeudados.","—"
"125","16/Octubre","Santa Margarita María de Alacoque","22/07/1647","17/10/1690","Francia","L'Hautecour / Paray-le-Monial","Virgen y Monja de la Visitación","Recibió en Paray-le-Monial las célebres apariciones del Sagrado Corazón de Jesús, quien le reveló las promesas de la Comunión de los Primeros Viernes de mes.","Apóstol de la devoción moderna al Sagrado Corazón de Jesús.","San Claudio de la Colombière"
"126","17/Octubre","San Ignacio de Antioquía","35 d.C.","107 d.C.","Siria / Italia","Antioquía / Roma (Coliseo)","Obispo, Padre Apostólico y Mártir","Tercer obispo de Antioquía y discípulo del apóstol San Juan. Conducido encadenado a Roma, escribió siete cartas memorables a las iglesias locales.","Exclamó: 'Soy trigo de Dios, y he de ser molido por los dientes de las fieras para ser presentado como pan limpio de Cristo'.","—"
"127","19/Octubre","San Pablo de la Cruz","03/01/1694","18/10/1775","Italia","Ovada / Roma","Sacerdote y Fundador (Congregación Pasionista)","Místico de la Pasión redentora de Cristo. Fundó los Clérigos Descalzos de la Santa Cruz y de la Pasión (Pasionistas) para predicar retiros y meditar el amor del Crucificado.","Llevaba sobre su pecho el distintivo con el corazón y la cruz blanca.","Padres Pasionistas"
"128","19/Octubre","Santos Juan de Brébeuf e Isaac Jogues","Siglo I - IV","19/Octubre","Tradición Católica","—","presbíteros","Venerable testigo del Evangelio en la Tradición Católica celebrado litúrgicamente el día 19 de Octubre.","Memoria litúrgica celebrada anualmente en el Calendario Romano General.","—"
"129","22/Octubre","San Juan Pablo II","18/05/1920","02/04/2005","Polonia","Wadowice / Roma","Papa (Karol Wojtyła)","Sobrevivió a las dictaduras nazi y comunista. Elegido pontífice en 1978, visitó 129 naciones, impulsó la Jornada Mundial de la Juventud y promulgó el Catecismo de la Iglesia Católica.","Lema 'Totus Tuus'. Clave en la caída del Muro de Berlín y el colapso del comunismo europeo.","Juventud mundial de las JMJ"
"130","23/Octubre","San Juan de Capistrano","24/06/1386","23/10/1456","Italia / Hungría","Capestrano / Ilok","Sacerdote Franciscano y Predicador","Juez y gobernador de Perugia que abrazó la pobreza franciscana. Con un crucifijo lideró espiritualmente la heroica resistencia en el sitio de Belgrado salvando a la cristiandad.","Patrono celestial de los capellanes militares.","—"
"131","24/Octubre","San Antonio María Claret","23/12/1807","24/10/1870","España / Francia","Sallent (Barcelona) / Fontfroide","Arzobispo y Fundador (Misioneros Claretianos)","Tejedor catalán ordenado sacerdote. Fundó los Hijos del Inmaculado Corazón de María (Claretianos). Como arzobispo de Santiago de Cuba transformó la isla con la caridad y la predicación.","Confesor de la reina Isabel II; propagó millones de libros y folletos de piedad.","Misioneros Claretianos"
"132","28/Octubre","Santos Simón y Judas","Siglo I","Siglo I d.C.","Tierra Santa / Persia","Galilea / Suanir","Apóstoles de Jesucristo y Mártires","Simón el Cananeo (el Celador) y Judas Tadeo (hermano de Santiago). Evangelizaron juntos Mesopotamia y Persia, sufriendo allí el martirio despedazados por turbas paganas.","San Judas Tadeo es venerado mundialmente como el celestial patrono de las causas desesperadas.","—"
"133","3/Noviembre","San Martín de Porres","09/12/1579","03/11/1639","Perú","Lima","Hermano Lego Dominico","Hijo de noble español y una liberta mulata panameña. Conocido como 'Fray Escoba' por su humildad sin límites curando enfermos y alimentando a cientos de desamparados en el convento de Santo Domingo.","Primer santo mulato de América; lograba que perro, pericote y gato comieran del mismo plato.","Pueblo creyente del Perú"
"134","4/Noviembre","San Carlos Borromeo","02/10/1538","03/11/1584","Italia","Arona / Milán","Cardenal Arzobispo de Milán","Pilar ejecutor del Concilio de Trento. Siendo noble riquísimo vendió todo por sus fieles durante la peste de Milán, caminando descalzo con una soga al cuello para aplacar la cólera divina.","Creó los primeros seminarios tridentinos para la santa formación del clero.","—"
"135","9/Noviembre","La Dedicación de la Basílica de Letrán","—","—","Italia","Roma","Fiesta de la Catedral de Roma","Madre y Cabeza de todas las iglesias de la Ciudad y del Orbe ('Mater et Caput'). Primera basílica pública donada por Constantino al Papa San Silvestre en el 324.","Cátedra titular del Obispo de Roma.","—"
"136","10/Noviembre","San León el Magno","390 d.C.","10/11/461","Italia","Toscana / Roma","Papa y Doctor de la Iglesia","Detuvo a las hordas de Atila el Huno a orillas del río Mincio con su sola majestad espiritual. Su célebre 'Tomus ad Flavianum' fijó en el Concilio de Calcedonia las dos naturalezas en Cristo.","Primer pontífice distinguido con el título de 'El Magno'.","—"
"137","11/Noviembre","San Martín de Tours","316 d.C.","08/11/397","Hungría / Francia","Sabaria / Tours (Candes)","Soldado Romano, Monje y Obispo de Tours","A las puertas de Amiens partió su capa militar con la espada para vestir a un mendigo tiritando, a quien vio en sueños esa noche revelándose como Cristo. Fundó los primeros monasterios de la Galia.","Primer santo no mártir honrado con culto litúrgico oficial en Occidente.","—"
"138","12/Noviembre","San Josafat","1580","12/11/1623","Ucrania / Bielorrusia","Volodymyr / Vítebsk","Arzobispo Basilio Católico y Mártir de la Unidad","Monje de San Basilio y arzobispo greco-católico de Pólotsk. Entregó su vida para restablecer la plena comunión de los cristianos eslavos orientales con la Sede de Pedro.","Sus asesinos fueron tocados por su dulzura y se convirtieron a la fe católica.","Iglesia Greco-Católica Ucraniana"
"139","16/Noviembre","Santa Gertrudis","06/01/1256","17/11/1302","Alemania","Eisleben / Helfta","Virgen Monja Benedictina Cisterciense y Mística","Monja en el cenobio de Helfta. Gran mística y teóloga de la ternura del Corazón de Jesús siglos antes de Paray-le-Monial. Autora de 'El Heraldo del Amor Divino'.","Llamada Santa Gertrudis la Magna por la profundidad sublime de su doctrina espiritual.","—"
"140","16/Noviembre","Santa Margarita de Escocia","1045","16/11/1093","Hungría / Escocia","Castillo de Edimburgo","Reina de Escocia","Princesa anglosajona exiliada que desposó al rey Malcolm III de Escocia. Reformó las costumbres de la corte, atendía huérfanos a diario y promovió la paz del reino.","Madre ejemplar de ocho hijos, tres de los cuales fueron reyes de Escocia.","San David I de Escocia"
"141","17/Noviembre","Santa Isabel de Hungría","07/07/1207","17/11/1231","Hungría / Alemania","Sárospatak / Marburgo","Princesa Real, Esposa y Terciaria Franciscana","Esposa del landgrave Luis de Turingia. Al quedar viuda a los veinte años vistió el sayal franciscano, fundó un hospital y lavaba personalmente las llagas de los leprosos.","Patrona universal de la Orden Franciscana Seglar y de las obras de caridad.","—"
"142","18/Noviembre","La Dedicación de las Basílicas de los Santos Pedro y Pablo","Siglo I a.C.","64 / 67 d.C.","Tierra Santa / Tarso","Roma","Príncipe de los Apóstoles y Apóstol de los Gentiles","Pedro, la roca de la Iglesia, y Pablo, el heraldo universal del Evangelio. Ambos rubricaron con su sangre martirial en Roma la gloria apostólica.","Pedro crucificado hacia abajo en el Vaticano; Pablo degollado en las Tres Fuentes.","Toda la Iglesia Católica"
"143","21/Noviembre","La Presentación de la Santísima Virgen María","—","—","Tierra Santa","Jerusalén","Memoria Litúrgica Mariana / Clausura Monástica","Consagración amorosa de la Niña María a Dios en el Templo de Jerusalén por sus santos padres Joaquín y Ana, disponiendo su alma y cuerpo para el Verbo Divino.","Día 'Pro Orantibus' dedicado a las comunidades contemplativas de clausura.","—"
"144","23/Noviembre","San Clemente I","35 d.C.","23/11/99","Italia","Roma / Crimea","Papa, Padre Apostólico y Mártir","Cuarto pontífice romano y colaborador de San Pablo. Su célebre 'Carta a los Corintios' es el primer documento que atestigua el ejercicio del Primado del Obispo de Roma.","Desterrado al Ponto por Trajano, fue arrojado al mar con un ancla de hierro al cuello.","—"
"145","23/Noviembre","San Columbano","543 d.C.","23/11/615","Irlanda / Italia","Navan / Bobbio","Abad y Misionero Peregrino","Monje irlandés que con doce compañeros recorrió Francia, Suiza e Italia fundando abadías insignes como Luxeuil y Bobbio. Restauró la penitencia sacramental en Europa.","Acuñó la expresión profética: 'Toda Europa es una sola patria cristiana'.","Monjes de Bobbio"
"146","24/Noviembre","Santos Andrés Dung-Lac","1795","1839","Vietnam","Bac Ninh / Hanói","Sacerdote y 117 Mártires de Vietnam","Andrés Dung-Lac y compañeros sacerdotes, catequistas y padres de familia vietnamitas ejecutados por decapitación, estrangulamiento o aserrados por rehusar pisar el crucifijo.","Canonizados comunitariamente por San Juan Pablo II en 1988.","Iglesia católica de Vietnam"
"147","25/Noviembre","Santa Catalina de Alejandría","287 d.C.","25/11/305","Egipto","Alejandría / Monte Sinaí","Virgen, Sabia Filósofa y Mártir","Joven de extraordinaria belleza e inteligencia que rebatió los argumentos de cincuenta filósofos paganos ante el emperador Maximino Daia logrando su conversión. Decapitada.","Patrona de filósofos, estudiantes y universidades. Monasterio del Monte Sinaí.","—"
"148","30/Noviembre","San Andrés","Siglo I a.C.","60 d.C.","Tierra Santa / Grecia","Betsaida / Patras","Apóstol de Jesucristo y Mártir","Hermano de Simón Pedro y discípulo de Juan el Bautista. Fue el primer apóstol llamado por Cristo ('Protóclitos'). Predicó en Grecia y fue crucificado en una cruz en forma de aspa (X).","Patrono principal de Escocia, Rusia, Grecia y de la Iglesia de Constantinopla.","—"
"149","3/Diciembre","San Francisco Javier","07/04/1506","03/12/1552","España / China","Castillo de Javier (Navarra) / Isla de Sancián","Sacerdote Jesuita y Patrono de las Misiones","Cofundador de los Jesuitas. Recorrió miles de millas marinas bautizando personalmente a más de cien mil personas en la India, Malaca y el Japón con celo evangelizador insaciable.","Falleció a las puertas de la China continental. Patrono celestial universal de las misiones.","—"
"150","4/Diciembre","San Juan Damasceno","676 d.C.","04/12/749","Siria / Tierra Santa","Damasco / Mar Saba","Monje, Sacerdote, Teólogo y Doctor de la Iglesia","Alto funcionario de la corte del califa de Damasco que renunció para entrar al monasterio de San Sabas. El más genial defensor del culto a los Santos Iconos frente a la iconoclastia.","Último de los grandes Padres orientales de la Iglesia.","—"
"151","7/Diciembre","San Ambrosio","340 d.C.","04/04/397","Alemania / Italia","Tréveris / Milán","Gobernador Romano, Obispo de Milán y Doctor de la Iglesia","Gobernador aclamado unánimemente obispo por el pueblo siendo catecúmeno. Bautizó a San Agustín, compuso himnos litúrgicos y defendió la independencia eclesial ante emperadores.","Simbolizado por una colmena de abejas por la dulzura oratoria de su predicación.","San Agustín de Hipona"
"152","8/Diciembre","La Inmaculada Concepción de la Bienaventurada Virgen María","—","—","Tierra Santa","Nazaret","Solemnidad Mariana / Dogma Católico","Por singular gracia y privilegio de Dios todopoderoso, en previsión de los méritos de Cristo, la Virgen fue preservada inmune de toda mancha de pecado original desde su concepción.","Proclamada dogma infalible por el Beato Papa Pío IX en 1854 con 'Ineffabilis Deus'.","—"
"153","9/Diciembre","San Juan Diego Cuauhtlatoatzin","1474","30/05/1548","México","Cuautitlán / Tepeyac","Laico Indígena Vidente de Guadalupe","Humilde indígena chichimeca a quien la Virgen de Guadalupe se apareció en el cerro del Tepeyac en diciembre de 1531, estampando milagrosamente su sagrada imagen en su ayate de maguey.","Canonizado por San Juan Pablo II en la Basílica de Guadalupe en el 2002.","Pueblo mexicano"
"154","10/Diciembre","Nuestra Señora de Loreto","—","—","Italia","Loreto (Ancona)","Santuario y Memoria Mariana","Custodia las venerables piedras de la Santa Casa de Nazaret donde la Virgen nació, creció y recibió la Anunciación del Ángel, trasladadas providencialmente a Italia en 1294.","Patrona universal de la aviación y de los viajeros en avión.","—"
"155","11/Diciembre","San Dámaso I","305 d.C.","11/12/384","España / Italia","Roma","Papa de la Iglesia Católica","Pontífice hispano-romano que encomendó a San Jerónimo la traducción de la Biblia Vulgata. Descubrió, restauró y adornó con hermosos epigramas poéticos las tumbas de los mártires en las catacumbas.","Fijó el canon oficial latino de los Libros Sagrados.","—"
"156","12/Diciembre","Nuestra Señora de Guadalupe","—","—","México","Ciudad de México (Cerro del Tepeyac)","Solemnidad / Emperatriz de América","Aparición de la Madre de Dios al indio San Juan Diego en 1531 dejando grabada su imagen mestiza en la tilma, desencadenando la más grande y rápida conversión de millones de indígenas a la fe católica.","Patrona principal de México, de las Américas y de las Filipinas.","San Juan Diego"
"157","14/Diciembre","San Juan de la Cruz","24/06/1542","14/12/1591","España","Fontiveros (Ávila) / Úbeda","Sacerdote Carmelita Descalzo, Poeta Místico y Doctor de la Iglesia","Cofundador del Carmelo Descalzo junto a Santa Teresa. Sufrió meses de cruel prisión en Toledo donde compuso poemas sublimes como el 'Cántico Espiritual' y 'Noche Oscura del Alma'.","Llamado el 'Doctor Místico'. Máxima cumbre de la lírica poética en lengua castellana.","Familia Carmelitana"
"158","21/Diciembre","San Pedro Canisio","08/05/1521","21/12/1597","Países Bajos / Alemania / Suiza","Nimega / Friburgo","Sacerdote Jesuita y Doctor de la Iglesia","El 'Segundo Apóstol de Alemania'. Recorrió incansablemente Centroeuropa fundando colegios y editando tres célebres catecismos que preservaron la fe católica en tierras de habla alemana.","Primer jesuita holandés recibido en la orden por San Pedro Fabro.","—"
"159","23/Diciembre","San Juan Cancio","23/06/1390","24/12/1473","Polonia","Kęty / Cracovia","Sacerdote y Catedrático de Teología","Profesor distinguido de la Universidad Jaguelónica de Cracovia que compaginó el rigor de la cátedra con una caridad conmovedora, despojándose de sus abrigos para vestir a los mendigos.","Realizó cuatro peregrinaciones a pie a Roma cargando su propio equipaje.","Estudiantes y profesores de Cracovia"
"160","25/Diciembre","La Natividad del Señor","Año 1","—","Tierra Santa","Belén de Judá","Solemnidad Suprema del Nacimiento de Jesucristo","El Hijo único de Dios, Dios verdadero de Dios verdadero, se hace hombre en el seno virginal de María y nace en la pobreza de un pesebre de Belén para la salvación de toda la humanidad.","Gloria a Dios en las alturas y en la tierra paz a los hombres que ama el Señor.","—"
"161","26/Diciembre","San Esteban","Siglo I","34 d.C.","Tierra Santa","Jerusalén","Primer Diácono y Protomártir","Varón lleno de gracia y de poder. Primero de los siete diáconos elegidos por los apóstoles. Al contemplar los cielos abiertos fue lapidado orando: 'Señor Jesús, recibe mi espíritu, no les tengas en cuenta este pecado'.","Protomártir de la Iglesia universal; el joven Saulo (San Pablo) cuidaba las ropas de los verdugos.","—"
"162","28/Diciembre","Los Santos Inocentes","Siglo I a.C.","1 d.C.","Tierra Santa","Belén de Judá","Niños Mártires de Belén","Los infantes menores de dos años degollados en Belén por orden del tirano Herodes con la vana intención de matar al recién nacido Rey de los Judíos.","Flores primiciales de la Iglesia que dieron testimonio de Cristo no con palabras sino con su sangre.","—"
"163","29/Diciembre","San Tomás Becket","21/12/1118","29/12/1170","Inglaterra","Londres / Canterbury","Canciller y Arzobispo de Canterbury Mártir","Amigo y canciller del rey Enrique II que al ser consagrado arzobispo defendió intrépidamente los derechos y la libertad de la Iglesia frente a las intromisiones de la corona. Asesinado en el altar.","Cuatro caballeros reales lo degollaron en la misma catedral de Canterbury.","—"
"164","31/Diciembre","San Silvestre I","Siglo III","31/12/335","Italia","Roma","Papa de la Iglesia Católica","Gobernó la barca de Pedro durante el florecimiento de la paz constantiniana tras las sangrientas persecuciones. Bajo su pontificado se celebró el magno Concilio Ecuménico de Nicea (325).","Consagró las basílicas de San Juan de Letrán y San Pedro en el Vaticano.","—"